tidsperiod,indikator,plats,vardegrupp,vardetyp,antal_fall,konfidensintervall_lag,konfidensintervall_hog,varde
2012,330,09,5,4,657,5.31600844391194,9.29586370220679,7.30593607305936
2016,330,09,5,4,692,5.55023783350066,9.47866390060339,7.51445086705202
2017,330,09,5,4,702,6.2507011952796,10.2902820402433,8.11965811965812
2013,330,09,5,4,714,5.37684064487815,9.18898568565407,7.28291316526611
2017,330,09,4,4,719,3.57834824232167,6.77249188674097,5.00695410292072
2014,330,09,5,4,725,5.29414274006728,9.05068484613961,7.17241379310345
2012,330,09,4,4,789,6.77404410887694,10.716450187701,8.74524714828897
2016,330,09,4,4,799,5.68198620240372,9.33678726442982,7.50938673341677
2015,330,09,5,4,818,6.75033629150339,10.6090769114306,8.67970660146699
2014,330,09,4,4,832,4.92222515850267,8.29892868765117,6.61057692307692
2013,330,09,4,4,856,5.81889934764555,9.36801654020492,7.59345794392523
2015,330,09,4,4,876,6.29773623900421,9.91230942309624,8.10502283105023
2015,330,23,5,4,1407,4.34800317195376,6.73941687069016,5.54371002132196
2012,330,23,5,4,1418,4.82253269081474,7.30722753485522,6.06488011283498
2017,330,09,1,4,1421,5.33837770882668,7.91073274506083,6.54468684025334
2012,330,09,1,4,1446,6.68569503015629,9.49687758395159,8.09128630705394
2014,330,23,5,4,1446,4.6034492639289,7.01480799748189,5.80912863070539
2017,330,23,5,4,1450,4.17619966367784,6.47219860020966,5.24137931034483
2016,330,09,1,4,1491,6.17381522622519,8.84965895217857,7.51173708920188
2013,330,23,5,4,1508,5.19412472362003,7.67059676179111,6.43236074270557
2014,330,09,1,4,1557,5.61558435968449,8.12879585868417,6.87219010918433
2017,330,23,4,4,1566,3.12916552084715,5.07872868814907,4.02298850574713
2013,330,09,1,4,1570,6.1531599657097,8.75129863301641,7.45222929936306
2012,330,23,4,4,1594,5.19753962002288,7.60045285174626,6.39899623588457
2015,330,23,4,4,1613,2.90554596616738,4.78199278150776,3.84376937383757
2014,330,23,4,4,1625,5.6041763198468,8.05736214169166,6.83076923076923
2013,330,23,4,4,1675,6.64550097930561,9.23509603561976,7.94029850746269
2015,330,09,1,4,1694,7.06282420532071,9.70222892336878,8.38252656434475
2012,330,10,5,4,1903,7.94688642396138,10.5502234026282,9.2485549132948
2016,330,10,4,4,1942,8.12388145138392,10.7226684971228,9.42327497425335
2012,330,07,5,4,2039,7.27504225159305,9.69406024963304,8.48455125061304
2017,330,10,5,4,2059,8.71093124015343,11.2967380961164,9.95628946090335
2017,330,10,4,4,2063,7.78442936297319,10.2497443941664,8.96752302472128
2016,330,10,5,4,2078,9.03696315248366,11.6560108609908,10.3464870067372
2016,330,07,5,4,2084,7.74607377208965,10.2001834256071,8.97312859884837
2017,330,07,5,4,2115,9.28039069853597,11.8972599049812,10.5437352245863
2014,330,10,5,4,2135,9.81254058218874,12.4825413850244,11.1475409836066
2014,330,07,5,4,2143,7.18133642049736,9.52421654263843,8.3527764815679
2014,330,10,4,4,2172,8.90352789144858,11.4463800275201,10.1749539594843
2012,330,10,4,4,2174,9.24311937492469,11.8240379387828,10.5335786568537
2017,330,07,4,4,2181,7.91955802541839,10.3305666013076,9.07840440165062
2013,330,10,5,4,2187,9.31751341843004,11.8987645879714,10.6081390032007
2015,330,10,5,4,2195,9.49893738491804,12.0955956446947,10.7972665148064
2015,330,10,4,4,2200,7.33462756635876,9.66537243364124,8.5
2013,330,07,5,4,2243,8.24093143655734,10.6623231332153,9.45162728488631
2015,330,07,5,4,2256,6.61182909054636,8.81370282434726,7.71276595744681
2012,330,07,4,4,2295,7.92965659904631,10.283851026226,9.10675381263617
2014,330,07,4,4,2311,7.1827815599536,9.43340191040556,8.30809173517958
2015,330,07,4,4,2352,6.18136056208972,8.27442175083545,7.22789115646258
2013,330,10,4,4,2368,10.5639935400812,13.1691145680269,11.8665540540541
2016,330,07,4,4,2402,7.06508551326627,9.25464804210426,8.15986677768526
2013,330,07,4,4,2449,8.58373325888867,10.9344374230223,9.75908534095549
2012,330,19,5,4,2692,7.94421323012221,10.1092785975152,9.02674591381872
2015,330,19,5,4,2735,8.16457856294013,10.3363355138423,9.25045703839123
2013,330,19,5,4,2807,8.12253014082536,10.2600847505177,9.19130744567154
2012,330,18,5,4,2886,6.58958389396564,8.51783121344946,7.55370755370755
2014,330,19,5,4,2895,8.52949712077012,10.6760296495235,9.6027633851468
2012,330,04,5,4,2903,10.3116499441608,12.630134416845,11.4708921805029
2014,330,18,5,4,2927,6.40028679529515,8.29052290747219,7.34540485138367
2016,330,22,5,4,2940,7.04502334328268,9.00939842542481,8.02721088435374
2017,330,18,5,4,2954,5.26984010149455,6.99544070454381,6.09343263371699
2012,330,24,5,4,2958,8.57152744246256,10.6982494338052,9.63488843813387
2016,330,19,5,4,2970,8.37667274054551,10.4785461146733,9.42760942760943
2014,330,04,5,4,2984,7.51078322839241,9.51334545793467,8.51206434316354
2016,330,18,5,4,2984,5.9624054569862,7.77754092371085,6.86997319034853
2016,330,04,5,4,3001,7.62574660559785,9.63516642339249,8.63045651449517
2012,330,23,1,4,3012,5.37775726361894,7.10564247077681,6.24169986719787
2017,330,19,5,4,3012,9.08129408766058,11.2355632319027,10.1261620185923
2017,330,23,1,4,3016,3.90098239578252,5.39847760182258,4.60875331564987
2015,330,23,1,4,3020,3.88585716031533,5.38566601849262,4.63576158940397
2016,330,04,4,4,3023,7.82072012521501,9.8438514923834,8.83228580879921
2012,330,19,4,4,3027,5.47462420275294,7.21120334927877,6.34291377601586
2013,330,04,5,4,3059,9.22043700087037,11.3745286741868,10.2974828375286
2017,330,08,5,4,3061,7.10836716788059,9.03440128988448,8.03658934988566
2014,330,23,1,4,3071,5.48724508357805,7.21220135080815,6.3497232171931
2013,330,18,5,4,3075,6.70324204413062,8.58131080139783,7.64227642276423
2015,330,18,5,4,3101,6.92076756280693,8.81609151490994,7.86842953885843
2016,330,22,4,4,3105,6.54696076733028,8.3966785241351,7.47181964573269
2017,330,04,5,4,3134,7.96844973518204,9.96545735997803,8.93426930440332
2015,330,22,5,4,3142,7.2513678335919,9.17129289206055,8.21133036282623
2015,330,04,5,4,3147,7.99317330955031,9.99220959480304,8.99269145217668
2012,330,22,5,4,3158,7.42436788819167,9.35840601934475,8.39138695376821
2017,330,04,4,4,3158,7.69753385992411,9.657586301936,8.64471184293857
2012,330,04,4,4,3181,8.41534946210015,10.4466436218357,9.43099654196793
2017,330,22,5,4,3182,7.01495431933572,8.89142569795147,7.91954745443118
2013,330,23,1,4,3183,6.32639666705374,8.12537838792584,7.22588752748979
2016,330,08,5,4,3190,6.75620021529008,8.60430135210804,7.68025078369906
2016,330,24,5,4,3194,8.94763304653175,11.0273199904125,9.98747651847214
2017,330,24,5,4,3207,9.38769369304103,11.5015777283435,10.414717804802
2015,330,04,4,4,3208,8.34408080040728,10.3591610948546,9.35162094763092
2013,330,22,5,4,3212,6.56264741437722,8.38131273506238,7.4719800747198
2013,330,24,5,4,3224,8.30241436347665,10.3080074727516,9.30521091811414
2014,330,08,5,4,3245,6.23391227564577,8.00337585994745,7.11864406779661
2014,330,22,5,4,3246,7.01770741802139,8.87878056719118,7.94824399260628
2017,330,22,4,4,3250,6.66428370707787,8.47961105514022,7.53846153846154
2012,330,08,5,4,3267,5.3284537985997,6.97641305172169,6.1524334251607
2013,330,04,4,4,3275,8.81229918695973,10.8518229504448,9.83206106870229
2015,330,03,5,4,3279,10.3178565104665,12.4939763654103,11.4059164379384
2014,330,04,4,4,3284,8.41069721474247,10.4078167925657,9.40925700365408
2014,330,24,5,4,3293,9.51784356426581,11.6178989197913,10.5678712420285
2012,330,03,5,4,3329,10.3922199074972,12.5576148777236,11.4749173926104
2017,330,08,4,4,3338,7.1955953378612,9.04543112312589,8.08867585380467
2014,330,18,4,4,3346,5.87584264130433,7.57305156072794,6.72444710101614
2012,330,13,5,4,3350,8.27242072191823,10.2350419646489,9.25373134328358
2017,330,03,4,4,3363,11.026666890089,13.2307467536331,12.102289622361
2015,330,24,5,4,3366,9.99248291794114,12.110903891328,11.0516934046346
2015,330,22,4,4,3373,7.14514081922615,8.98293507760161,8.06403794841388
2015,330,08,4,4,3379,6.34832612182224,8.09381652393094,7.22107132287659
2017,330,03,5,4,3393,10.9569109484376,13.1451593609374,12.0247568523431
2014,330,03,5,4,3394,10.6441439819366,12.809008640338,11.7265763111373
2015,330,19,4,4,3400,8.12203661809973,10.0544339701356,9.08823529411765
2014,330,08,4,4,3404,6.07968345694266,7.78635649605382,6.93301997649824
2014,330,19,4,4,3406,7.93997019181694,9.85216134077261,8.89606576629477
2012,330,08,4,4,3408,5.40973728391412,7.03157727007649,6.22065727699531
2013,330,19,4,4,3408,8.13079755722478,10.061690705686,9.0962441314554
2013,330,08,5,4,3413,6.58931250687805,8.35355300733232,7.47143275710519
2015,330,08,5,4,3418,6.77339936856933,8.5572033230632,7.66530134581627
2017,330,19,4,4,3430,7.85880772079894,9.75235867527602,8.77551020408163
2012,330,18,4,4,3434,6.38363797527723,8.1184004638608,7.25101921956902
2016,330,03,5,4,3443,10.7705379321764,12.9297234677655,11.850130699971
2013,330,03,5,4,3447,10.8136926690619,12.9751091876251,11.8944009283435
2012,330,21,5,4,3454,11.2369085070742,13.4301441854562,12.3335263462652
2016,330,24,4,4,3455,9.26250115589663,11.2874264852032,10.2749638205499
2017,330,13,5,4,3462,8.55531386073966,10.5087610130421,9.50317735413056
2015,330,18,4,4,3469,6.10114078979097,7.79335330072503,6.947247045258
2017,330,18,4,4,3474,5.42066424131582,7.02340967594692,6.188831318365
2013,330,25,5,4,3477,7.80426610389649,9.68207269391772,8.7431693989071
2014,330,13,5,4,3477,9.86432156409542,11.9360810818637,10.9002013229796
2017,330,25,5,4,3486,8.68752029846441,10.6465699212012,9.63855421686747
2017,330,24,4,4,3496,10.1113986967778,12.1957624289674,11.1270022883295
2016,330,08,4,4,3498,6.07727724024986,7.75920074717152,6.91823899371069
2012,330,25,5,4,3499,9.22730529796117,11.235684127589,10.2314947127751
2017,330,25,4,4,3516,9.5908015079721,11.6237844229492,10.580204778157
2016,330,13,5,4,3517,9.28859093141067,11.2971355400138,10.2928632357123
2013,330,08,4,4,3558,5.49757787855704,7.09376557282014,6.29567172568859
2016,330,18,4,4,3565,6.33343458533881,8.02841674705951,7.18092566619916
2016,330,03,4,4,3578,11.7326505006281,13.9241410030052,12.8283957518167
2012,330,22,4,4,3584,6.43164048630324,8.1330916565539,7.28236607142857
2013,330,21,5,4,3587,9.8805899529974,11.9203579143012,10.9004739336493
2012,330,24,4,4,3590,10.2731822067839,12.3452021943303,11.3091922005571
2016,330,17,5,4,3592,10.0536743503588,12.10668199708,11.0801781737194
2013,330,18,4,4,3597,6.1191554583134,7.78131715775555,6.95023630803447
2014,330,22,4,4,3601,6.87462856223169,8.62106707786828,7.74784782004999
2013,330,13,5,4,3603,9.70339334027274,11.723195613377,10.7132944768249
2015,330,03,4,4,3609,12.0585493888333,14.2645317970908,13.161540592962
2014,330,25,5,4,3615,8.61218566596341,10.5302762980753,9.57123098201937
2016,330,13,4,4,3620,8.41557539830454,10.3137063696513,9.3646408839779
2015,330,25,5,4,3627,7.55841077158109,9.37018035055842,8.46429556106975
2016,330,19,4,4,3640,8.84147781962069,10.7739067957639,9.80769230769231
2015,330,24,4,4,3670,9.62963173223029,11.6237742623201,10.6267029972752
2012,330,03,4,4,3672,12.218051363807,14.4159355642976,13.3169934640523
2012,330,13,4,4,3688,7.45850876896338,9.24431118765267,8.35140997830803
2014,330,24,4,4,3694,8.94447833696155,10.8714393674239,9.90795885219275
2012,330,17,5,4,3701,9.75575212399492,11.7519484974587,10.7538503107268
2015,330,13,5,4,3701,9.54848060320006,11.5269044278726,10.5376925155363
2013,330,22,4,4,3723,6.26654971217934,7.9155614884653,7.09105560032232
2017,330,13,4,4,3730,8.44906112973647,10.3179974761763,9.35656836461126
2017,330,20,5,4,3739,7.68967867292016,9.48289970134065,8.55843808504948
2014,330,03,4,4,3742,12.0910987034709,14.258446994017,13.174772848744
2012,330,20,5,4,3744,8.2627588408898,10.1133095351786,9.18803418803419
2016,330,25,4,4,3745,10.9746339955797,13.0574087280518,12.0160213618158
2013,330,03,4,4,3746,11.1001873298881,13.1923914207792,12.1462893753337
2014,330,21,5,4,3746,9.91959189628063,11.9170338378358,10.9183128670582
2016,330,25,5,4,3746,10.3554643814792,12.3887961631017,11.3721302722904
2016,330,21,5,4,3750,9.37184788714817,11.3214854461852,10.3466666666667
2012,330,21,4,4,3761,8.7333472734541,10.6232068344959,9.67827705397501
2016,330,20,5,4,3761,8.27597342580344,10.1233884460392,9.1996809359213
2014,330,13,4,4,3780,8.38574464539283,10.2385939789458,9.31216931216931
2017,330,17,5,4,3781,11.3514005303927,13.4503504568157,12.3776778629992
2012,330,25,4,4,3783,8.32855343584184,10.1752795009808,9.25191646841131
2013,330,17,5,4,3798,8.87448516989246,10.7674316284224,9.82095839915745
2013,330,13,4,4,3800,8.29108451107881,10.1299681205001,9.21052631578947
2017,330,21,5,4,3811,10.0512098802214,12.0392498030649,11.0207294673314
2015,330,13,4,4,3820,8.22243107739054,10.04982023151,9.13612565445026
2015,330,17,5,4,3832,10.3222778590144,12.3290791347225,11.3256784968685
2014,330,17,5,4,3836,9.76051793162031,11.7201911403296,10.740354535975
2013,330,24,4,4,3847,10.2817809848506,12.2812551472003,11.2815180660255
2015,330,20,5,4,3869,7.52603278347186,9.27417398830379,8.40010338588783
2012,330,17,4,4,3870,8.1649669760976,9.97456790762333,9.06976744186047
2017,330,21,4,4,3875,10.4294322326549,12.4308235791154,11.4064516129032
2015,330,25,4,4,3891,7.82627690976649,9.5985496129783,8.7124132613724
2012,330,06,5,4,3895,7.06008119278683,8.75506643237363,7.90757381258023
2016,330,17,4,4,3908,8.37854590556539,10.1987314741685,9.28863868986694
2013,330,21,4,4,3912,9.00600878308191,10.8815167792903,9.94376278118609
2016,330,21,4,4,3915,9.07249014019979,10.9530526439637,10.0127713920817
2014,330,21,4,4,3919,9.87107377026706,11.8181326599447,10.8446032151059
2015,330,21,5,4,3942,9.39915497831879,11.3009972286827,10.3500761035008
2014,330,25,4,4,3962,9.03681361131763,10.9026109217465,9.96971226653205
2016,330,20,4,4,3964,7.53704877727554,9.26416212080721,8.40060544904137
2014,330,20,5,4,4007,7.66994214862073,9.40018512864406,8.53506363863239
2013,330,25,4,4,4010,8.59364479891749,10.4088489666685,9.50124688279302
2017,330,20,4,4,4017,7.25015385444192,8.93425738968036,8.06572068707991
2016,330,10,1,4,4020,8.97721895225048,10.8237760726251,9.90049751243781
2012,330,20,4,4,4055,7.20255513323841,8.87635978661362,8.03945745992602
2013,330,20,5,4,4066,8.30990468301005,10.0865537527991,9.19822921790457
2012,330,10,1,4,4077,9.01560324164377,10.8519464272304,9.93377483443709
2017,330,17,4,4,4098,10.4924421941005,12.4414708276763,11.444607125427
2013,330,17,4,4,4116,9.2093602884099,11.053030382144,10.131195335277
2017,330,10,1,4,4122,8.59232958551645,10.3790951557048,9.46142649199418
2012,330,05,5,4,4126,7.7946017292097,9.51029405363083,8.65244789142026
2015,330,17,4,4,4126,9.07064619544768,10.9002699460938,9.98545807077072
2015,330,20,4,4,4172,7.15940662234167,8.8041600123659,7.98178331735379
2014,330,17,4,4,4216,9.44517662154469,11.2853736630853,10.365275142315
2015,330,21,4,4,4220,10.3708043201998,12.2832241158192,11.3270142180095
2016,330,06,5,4,4225,8.69808047223106,10.473517160905,9.58579881656805
2017,330,06,5,4,4230,9.4366648058489,11.2708151928696,10.3309692671395
2013,330,06,5,4,4263,8.71008414752031,10.4782808536526,9.59418250058644
2017,330,07,1,4,4296,8.93382909960562,10.7117127101861,9.79981378026071
2014,330,06,5,4,4301,8.36533991051065,10.095483153893,9.23041153220181
2014,330,10,1,4,4307,9.73552257111127,11.5786172013522,10.6570698862317
2014,330,20,4,4,4326,6.70519821260222,8.27399734911762,7.48959778085992
2012,330,07,1,4,4334,7.96998893849781,9.65806828346804,8.81402861098293
2013,330,20,4,4,4359,6.91638097185861,8.49999893178902,7.70818995182381
2016,330,06,4,4,4368,7.55742480567814,9.20081695256362,8.37912087912088
2015,330,10,1,4,4395,8.77445438347026,10.5201986313193,9.64732650739477
2015,330,06,5,4,4407,8.51101458327189,10.2318944251238,9.37145450419787
2016,330,05,5,4,4424,9.08556354229323,10.8511453184663,9.96835443037975
2012,330,06,4,4,4429,6.31230058666688,7.82181546661829,7.06705802664258
2017,330,06,4,4,4440,8.44866612932957,10.1553495190735,9.27927927927928
2014,330,07,1,4,4454,7.51805611282376,9.14112664424854,8.32959137853615
2013,330,05,5,4,4480,8.67136318508035,10.3911368149196,9.53125
2017,330,05,5,4,4483,9.65164491473312,11.4482762862932,10.5286638411778
2016,330,07,1,4,4486,7.71992886010106,9.35541665929261,8.53767275969684
2013,330,10,1,4,4555,10.3442694686691,12.1804286652497,11.2623490669594
2014,330,05,5,4,4584,8.89252146883763,10.6100963322095,9.75130890052356
2015,330,05,5,4,4597,8.76276739181852,10.4671651728976,9.61496628235806
2015,330,07,1,4,4608,6.70639414718903,8.22416140836653,7.46527777777778
2015,330,06,4,4,4666,6.60222806002522,8.09987224001764,7.35105015002143
2014,330,05,4,4,4680,7.97114385131749,9.59295871278507,8.78205128205128
2013,330,07,1,4,4692,8.76869041519419,10.4555210085057,9.61210571184996
2014,330,06,4,4,4715,6.85694766681156,8.37104809140689,7.61399787910923
2012,330,05,4,4,4720,7.29489188823885,8.84917590837132,8.07203389830508
2015,330,05,4,4,4804,9.48431923802175,11.2067715196802,10.345545378851
2013,330,06,4,4,4805,6.68822425492043,8.17129707702546,7.42976066597295
2013,330,05,4,4,4817,8.18125965818844,9.79673494426121,8.98899730122483
2016,330,05,4,4,4821,9.39077066225973,11.1029028494598,10.2468367558598
2017,330,05,4,4,4828,9.17810607749046,10.8706672287453,10.0041425020713
2012,330,19,1,4,5719,6.91915332449452,8.29329640447908,7.6062248644868
2016,330,04,1,4,6024,8.01884750221291,9.44463191345774,8.73173970783533
2016,330,22,1,4,6045,7.06820707211251,8.41566389562943,7.74193548387097
2012,330,04,1,4,6084,9.63713286415648,11.1715456368297,10.4043392504931
2015,330,19,1,4,6135,8.43870429817906,9.88240409627897,9.16055419722901
2013,330,19,1,4,6215,8.42274334999336,9.8556154593389,9.13917940466613
2014,330,04,1,4,6268,8.27427596040116,9.68998696238122,8.98213146139119
2014,330,18,1,4,6273,6.38219013444005,7.64618544343337,7.01418778893671
2017,330,04,1,4,6292,8.10576841479186,9.50488550072837,8.78893833439288
2014,330,19,1,4,6301,8.5063808384189,9.93513638107007,9.22075860974449
2012,330,18,1,4,6320,6.74428737407655,8.03419363858168,7.38924050632911
2013,330,04,1,4,6334,9.31615409162426,10.7975181534026,10.0568361225134
2015,330,04,1,4,6355,8.46417005625771,9.88358761486738,9.17387883556255
2017,330,08,1,4,6399,7.41328365334491,8.74749753043708,8.06375996249414
2017,330,18,1,4,6428,5.57583485917338,6.75011716651712,6.14499066583696
2017,330,22,1,4,6432,7.09122531930468,8.39633105382452,7.72699004975124
2017,330,19,1,4,6442,8.70977338035794,10.1354185840256,9.40701645451723
2015,330,22,1,4,6515,7.47124661048137,8.79889920686321,8.13507290867229
2012,330,24,1,4,6548,9.80867477246914,11.2970063515382,10.5528405620037
2016,330,18,1,4,6549,6.41968548678474,7.6587997781412,7.03924263246297
2015,330,18,1,4,6570,6.74975996256813,8.01431918507266,7.3820395738204
2016,330,19,1,4,6610,8.9255039470837,10.3483235869556,9.63691376701967
2014,330,08,1,4,6649,6.40936349629792,7.63786165034067,7.0236125733193
2016,330,24,1,4,6649,9.41139098721909,10.8623343850173,10.1368626861182
2013,330,18,1,4,6672,6.64619197460237,7.89217732995398,7.26918465227818
2012,330,08,1,4,6675,5.60928869494276,6.76524314026323,6.187265917603
2016,330,08,1,4,6688,6.65895819370368,7.90443893548293,7.2816985645933
2017,330,24,1,4,6703,10.0577524593402,11.5428400421962,10.7862151275548
2012,330,22,1,4,6742,7.16163088178924,8.44204755190996,7.8018392168496
2017,330,03,1,4,6756,11.2999740397578,12.853082305922,12.0633510953227
2015,330,08,1,4,6797,6.82041671169957,8.06850487135177,7.44446079152567
2014,330,22,1,4,6847,7.20604450918414,8.47965725801317,7.84285088359866
2015,330,03,1,4,6888,11.5494426129043,13.1021253313466,12.3257839721254
2013,330,22,1,4,6935,6.65648421967814,7.87848333619785,7.267483777938
2013,330,08,1,4,6971,6.27748267304129,7.46516544057225,6.87132405680677
2014,330,24,1,4,6987,9.50873552080615,10.9292206835734,10.2189781021898
2012,330,03,1,4,7001,11.66794496089,13.2142147305826,12.4410798457363
2017,330,25,1,4,7002,9.41919913346792,10.8313821996474,10.1113967437875
2016,330,03,1,4,7021,11.5791022197399,13.1182343420034,12.3486682808717
2015,330,24,1,4,7036,10.1038825607571,11.5561515495328,10.830017055145
2012,330,13,1,4,7038,8.11968679011232,9.44212054151599,8.78090366581415
2013,330,24,1,4,7071,9.66950060310159,11.0913535900818,10.3804270965917
2014,330,03,1,4,7136,11.7190156538217,13.2529574403487,12.4859865470852
2016,330,13,1,4,7137,9.13157654976017,10.5125316189382,9.82205408434917
2017,330,13,1,4,7192,8.76580018096219,10.1163682281497,9.42714126807564
2013,330,03,1,4,7193,11.2739016806199,12.7772591702073,12.0255804254136
2012,330,21,1,4,7215,10.2288815930683,11.6699403057536,10.949410949411
2014,330,13,1,4,7257,9.38056030792091,10.7655055595174,10.0730329337192
2012,330,25,1,4,7282,9.04212967696818,10.403077683647,9.72260368030761
2013,330,13,1,4,7403,9.26028561923444,10.6235452601388,9.94191543968661
2013,330,25,1,4,7487,8.4961246587875,9.80225920657914,9.14919193268332
2016,330,25,1,4,7491,10.9663144442428,12.4217512345717,11.6940328394073
2013,330,21,1,4,7499,9.71043042135334,11.0923432818071,10.4013868515802
2016,330,17,1,4,7500,9.46329930462788,10.8300340287055,10.1466666666667
2015,330,25,1,4,7518,7.95919069060388,9.22623096409152,8.5927108273477
2015,330,13,1,4,7521,9.15308637956634,10.4985556893075,9.82582103443691
2012,330,17,1,4,7571,9.22046530306499,10.5655603210269,9.89301281204597
2014,330,25,1,4,7577,9.11075917507586,10.4484331173882,9.77959614623202
2014,330,21,1,4,7665,10.1834974620302,11.5777549841538,10.880626223092
2016,330,21,1,4,7665,9.49928354677899,10.8529669424578,10.1761252446184
2017,330,21,1,4,7686,10.5218458677979,11.9326352273525,11.2151964610981
2016,330,20,1,4,7725,8.15822952046296,9.421058505427,8.78964401294498
2017,330,20,1,4,7756,7.70275498993108,8.93090308494845,8.30324909747292
2012,330,20,1,4,7799,7.9689036765975,9.21278628365381,8.59084498012566
2017,330,17,1,4,7879,11.1890804094799,12.6184425559177,11.8923721284427
2013,330,17,1,4,7914,9.32186354282104,10.6427561185386,9.98230983067981
2015,330,17,1,4,7958,9.95358950190512,11.3080340215932,10.6308117617492
2015,330,20,1,4,8041,7.58393278383503,8.78219083263058,8.18306180823281
2014,330,17,1,4,8052,9.87313655221138,11.2147919127663,10.5439642324888
2015,330,21,1,4,8162,10.1803059195246,11.5300591870669,10.8551825532958
2012,330,06,1,4,8324,6.89589489428984,8.02481630225028,7.46035559827006
2014,330,20,1,4,8333,7.41007727076609,8.57456211480934,7.99231969278771
2013,330,20,1,4,8425,7.83410352195643,9.02049588457176,8.4272997032641
2016,330,06,1,4,8593,8.3681578776592,9.57668094463802,8.97241941114861
2017,330,06,1,4,8670,9.17819158564865,10.4293466272025,9.79238754325259
2012,330,05,1,4,8846,7.76649080837459,8.91901676567017,8.34275378702238
2014,330,06,1,4,9016,7.81297447419714,8.95721186120659,8.38509316770186
2013,330,06,1,4,9068,7.87489384794831,9.0196804793565,8.4472871636524
2015,330,06,1,4,9073,7.7637270021999,8.90110271233774,8.33241485726882
2016,330,05,1,4,9245,9.49896151838858,10.7281882923199,10.1135749053542
2014,330,05,1,4,9264,8.67132567363086,9.85199038854531,9.26165803108808
2013,330,05,1,4,9297,8.66133677754847,9.83925481113605,9.25029579434226
2017,330,05,1,4,9311,9.65085556422053,10.8832789797636,10.2566856406401
2015,330,05,1,4,9401,9.38217118366709,10.5944270505633,9.9882991171152
2017,330,12,5,4,15162,11.9712678078818,13.0237552605774,12.4917557050521
2016,330,12,5,4,15436,11.8287621851652,12.866754788144,12.3477584866546
2012,330,12,5,4,15454,13.175702271761,14.260560184561,13.718131228161
2015,330,12,5,4,15530,11.8644378448466,12.9005331789783,12.3824855119124
2014,330,12,5,4,15575,12.0066145308352,13.0463549715725,12.5264847512039
2017,330,12,4,4,15919,11.0552607670437,12.0480989489999,11.5459513788555
2016,330,12,4,4,16230,11.2544292734192,12.2452626551082,11.7498459642637
2013,330,12,5,4,16285,13.4434970018037,14.5086061606157,13.9760515812097
2017,330,14,5,4,16741,9.7497922582634,10.6667785532076,10.2024968639866
2015,330,12,4,4,16792,12.1109919484571,13.1153062887987,12.6131491186279
2016,330,14,5,4,16895,9.81737335327284,10.7330853623235,10.2752293577982
2012,330,14,5,4,17222,9.86387084543968,10.7725244628869,10.3181976541633
2014,330,12,4,4,17297,12.381617507334,13.3800752717607,12.8808463895473
2014,330,14,5,4,17414,10.351892303523,11.2743854040686,10.8131388537958
2012,330,12,4,4,17458,13.2308374275793,14.25226487509,13.7415511513346
2015,330,14,5,4,17754,9.86579730770418,10.7605404190053,10.3131688633547
2013,330,14,5,4,18187,10.525982516472,11.4347586722892,10.9803705943806
2017,330,14,4,4,18274,9.34294814910491,10.203817331218,9.76797635985553
2016,330,14,4,4,18437,9.35580352862762,10.2135407247759,9.78467212670174
2013,330,12,4,4,18642,13.2858895458028,14.2755309026469,13.7807102242249
2012,330,14,4,4,19737,9.73213837742484,10.5748991662748,10.1535187718498
2014,330,14,4,4,19752,9.46635572216418,10.2987313576252,9.88254353989469
2012,330,01,5,4,19822,8.60663863968755,9.4036529555097,9.00514579759863
2015,330,14,4,4,19980,9.27459223505601,10.0947771343134,9.68468468468468
2013,330,14,4,4,20203,9.99310065704202,10.835489156352,10.414294906697
2013,330,01,5,4,21430,9.1310050605421,9.91705840189374,9.52403173121792
2014,330,01,5,4,21532,8.70940303525818,9.47748160156144,9.09344231840981
2015,330,01,5,4,22296,8.59072798466734,9.34073954314034,8.96573376390384
2016,330,01,5,4,22642,8.84926071060411,9.60317282000273,9.22621676530342
2017,330,01,5,4,22950,8.93570194917567,9.68746377105591,9.30718954248366
2012,330,01,4,4,25868,7.58807846898551,8.24615687970785,7.91711767434668
2013,330,01,4,4,26277,7.91415708439163,8.57935435146483,8.24675571792823
2014,330,01,4,4,27394,7.6661183270499,8.30818261476217,7.98715047090604
2017,330,01,4,4,27737,8.144947855089,8.80025824535662,8.46883224573674
2016,330,01,4,4,27750,7.99575268477496,8.64568875666648,8.32072072072072
2015,330,01,4,4,28051,7.68573708797111,8.32082239297431,8.00327974047271
2017,330,12,1,4,31081,11.6488459463816,12.3715699825931,12.0073356713104
2016,330,12,1,4,31666,11.6828502993009,12.3997619662204,12.0413061327607
2015,330,12,1,4,32322,12.141741310777,12.8628994911535,12.5023204009653
2014,330,12,1,4,32872,12.3528323282857,13.0730620499085,12.7129471890971
2012,330,12,1,4,32912,13.3587181732957,14.1023902370106,13.7305542051531
2013,330,12,1,4,34927,13.5092844089376,14.2342950568052,13.8717897328714
2017,330,14,1,4,35015,9.66463377763424,10.2924072030369,9.97572468941882
2016,330,14,1,4,35332,9.70615954319471,10.332332475372,10.0192460092834
2012,330,14,1,4,36959,9.92129376958953,10.5392165256024,10.230255147596
2014,330,14,1,4,37166,10.0092961797186,10.6278452936711,10.3185707366948
2015,330,14,1,4,37734,9.67795410838503,10.2828239697408,9.98038903906292
2013,330,14,1,4,38390,10.3734745740233,10.9914642121189,10.6824693930711
2012,330,01,1,4,45690,8.13494291781847,8.64334554792896,8.38914423287371
2013,330,01,1,4,47707,8.56602456173934,9.07499247978496,8.82050852076215
2014,330,01,1,4,48926,8.22724583446949,8.72079815032387,8.47402199239668
2015,330,01,1,4,50347,8.18681146880695,8.67218708125562,8.42949927503128
2016,330,01,1,4,50392,8.48114676788889,8.974004843478,8.72757580568344
2017,330,01,1,4,50687,8.60321219370731,9.09769250750008,8.84842267248012
2012,330,46,5,4,105477,9.86155271635088,10.2243427869342,10.0429477516425
2016,330,46,5,4,109944,9.78801492286328,10.1421313334126,9.96507312813796
2017,330,46,5,4,110114,9.89090531847804,10.2463614912786,10.0677479702853
2014,330,46,5,4,110520,9.82941281287695,10.1832545776406,10.0063336952588
2013,330,46,5,4,112065,10.1586110333355,10.5151051135435,10.3368580734395
2015,330,46,5,4,112419,9.67997741079653,10.0284348682666,9.85420613953157
2017,330,46,4,4,120472,9.30244356838002,9.63307883121862,9.46693007503818
2016,330,46,4,4,121349,9.25231377865884,9.58096873706029,9.41664125785956
2012,330,46,4,4,122117,9.30376001496435,9.63217847025884,9.46796924261159
2014,330,46,4,4,125458,9.29225780811128,9.61606210771713,9.4541599579142
2015,330,46,4,4,125671,9.20463965450488,9.52680992415687,9.36572478933087
2013,330,46,4,4,127443,9.62943260458228,9.95579373189755,9.79261316823992
2012,330,46,1,4,227594,9.61265485039632,9.85622394254198,9.73443939646915
2017,330,46,1,4,230586,9.63317427616062,9.87537236112579,9.75384455257474
2016,330,46,1,4,231293,9.55684564742478,9.79782570017329,9.67733567379903
2014,330,46,1,4,235978,9.59328713475427,9.83225253419792,9.7127698344761
2015,330,46,1,4,238090,9.4780582627515,9.71468397757778,9.59637112016464
2013,330,46,1,4,239508,9.926863374143,10.1676637397739,10.0472635569584